"Date(UTC)","Pair","Side","Price","Executed","Amount","Fee"
"2023-11-13 09:57:43","ETHUSDT","SELL","2054.99","0.0747ETH","153.507753USDT","0.15350775USDT"
"2023-11-13 09:57:31","BTCUSDT","SELL","36989.79","0.00568BTC","210.1020072USDT","0.21010201USDT"
"2023-11-13 09:57:15","DOTUSDT","SELL","5.708","43.47DOT","248.12676USDT","0.24812676USDT"
"2023-11-13 09:57:15","DOTUSDT","SELL","5.708","106.53DOT","608.07324USDT","0.60807324USDT"
"2023-05-28 13:26:29","DOTUSDT","SELL","5.386","150DOT","807.9USDT","0.8079USDT"
"2022-01-15 12:43:19","DOTUSDT","SELL","26.89","5.17DOT","139.0213USDT","0.1390213USDT"
"2022-01-15 12:43:19","DOTUSDT","SELL","26.89","12.35DOT","332.0915USDT","0.3320915USDT"
"2022-01-13 09:38:02","BTCUSDT","BUY","43879.78","0.00569BTC","249.6759482USDT","0.00000569BTC"
"2022-01-13 09:16:20","ETHUSDT","BUY","3350.34","0.0746ETH","249.935364USDT","0.0000746ETH"
"2022-01-11 21:39:45","ADAUSDT","SELL","1.188","96.3ADA","114.4044USDT","0.000186BNB"
"2022-01-11 21:39:45","ADAUSDT","SELL","1.188","908.3ADA","1079.0604USDT","1.0790604USDT"
"2021-11-01 14:13:44","BNBUSDT","BUY","534.8","1.402BNB","749.7896USDT","0.0010515BNB"
"2021-09-09 21:51:00","ADAETH","SELL","0.0007315","386.4ADA","0.2826516ETH","0.00028265ETH"
"2021-09-09 21:51:00","ADAETH","SELL","0.0007315","905.6ADA","0.6624464ETH","0.00066245ETH"
"2021-09-09 21:51:00","ADAETH","SELL","0.0007314","550.3ADA","0.40248942ETH","0.00040249ETH"
"2021-09-09 21:51:00","ADAETH","SELL","0.0007314","617.8ADA","0.45185892ETH","0.00045186ETH"
"2021-09-09 21:51:00","ADAETH","SELL","0.0007314","550.3ADA","0.40248942ETH","0.00040249ETH"
"2021-09-02 14:25:41","ETHUSDT","BUY","3803","0.1886ETH","717.2458USDT","0.0001886ETH"
"2021-09-02 14:23:55","BNBUSDT","SELL","491.4","3.499BNB","1719.4086USDT","1.7194086USDT"
"2021-08-19 22:06:21","ADAUSDT","SELL","2.3788","114.39ADA","272.110932USDT","0.27211093USDT"
"2021-08-19 22:06:21","ADAUSDT","SELL","2.3791","67.51ADA","160.613041USDT","0.16061304USDT"
"2021-08-19 22:06:21","ADAUSDT","SELL","2.3792","104.5ADA","248.6264USDT","0.2486264USDT"
"2021-08-19 22:06:21","ADAUSDT","SELL","2.3789","725.15ADA","1725.059335USDT","1.72505934USDT"
"2021-08-19 22:06:21","ADAUSDT","SELL","2.3788","354.75ADA","843.8793USDT","0.8438793USDT"
"2021-08-01 15:49:15","BTTBNB","SELL","0.00000868","6000BTT","0.05208BNB","0.00003906BNB"
"2021-08-01 15:49:15","BTTBNB","SELL","0.00000867","702BTT","0.00608634BNB","0.00000456BNB"
"2021-08-01 15:49:15","BTTBNB","SELL","0.00000868","12135BTT","0.1053318BNB","0.00007899BNB"
"2021-08-01 15:45:19","TRXBTC","SELL","0.00000158","2716TRX","0.00429128BTC","0.00039175BNB"
"2021-08-01 15:45:19","TRXBTC","SELL","0.00000158","13TRX","0.00002054BTC","0.00000182BNB"
"2021-08-01 15:44:46","ADABTC","SELL","0.00003288","282ADA","0.00927216BTC","0.00084642BNB"
"2021-06-25 15:10:57","ARPABTC","SELL","0.00000087","278ARPA","0.00024186BTC","0.00002042BNB"
"2021-06-25 15:10:57","ARPABTC","SELL","0.00000087","773ARPA","0.00067251BTC","0.00005702BNB"
"2021-06-25 15:10:57","ARPABTC","SELL","0.00000087","115ARPA","0.00010005BTC","0.0000085BNB"
"2021-06-25 15:10:57","ARPABTC","SELL","0.00000087","153ARPA","0.00013311BTC","0.00001106BNB"
"2021-06-25 15:10:57","ARPABTC","SELL","0.00000087","26802ARPA","0.02331774BTC","0.00002332BTC"
"2021-06-25 15:10:57","ARPABTC","SELL","0.00000087","153ARPA","0.00013311BTC","0.00001106BNB"
"2021-06-25 15:09:08","OMGBTC","SELL","0.00011","120.52OMG","0.0132572BTC","0.00001326BTC"
"2021-06-25 15:08:47","ZRXBTC","SELL","0.00001885","12ZRX","0.0002262BTC","0.00001962BNB"
"2021-06-25 15:08:42","ZRXBTC","SELL","0.00001885","260ZRX","0.004901BTC","0.00041799BNB"
"2021-06-25 15:08:42","ZRXBTC","SELL","0.00001884","1000ZRX","0.01884BTC","0.00160713BNB"
"2021-06-25 15:08:42","ZRXBTC","SELL","0.00001884","12ZRX","0.00022608BTC","0.00001962BNB"
"2021-06-25 15:08:42","ZRXBTC","SELL","0.00001884","29ZRX","0.00054636BTC","0.00004691BNB"
"2021-06-25 15:08:42","ZRXBTC","SELL","0.00001884","4ZRX","0.00007536BTC","0.00000681BNB"
"2021-06-25 15:07:33","AAVEBTC","SELL","0.005809","5AAVE","0.029045BTC","0.00247697BNB"
"2021-06-07 17:51:36","SUSHIBTC","BUY","0.0003134","228.35SUSHI","0.07156489BTC","0.22835SUSHI"
"2021-05-21 08:00:28","AAVEBTC","BUY","0.01125","5AAVE","0.05625BTC","0.005AAVE"
"2021-05-19 06:44:23","BNBUSDT","BUY","429.65","2.1021BNB","903.167265USDT","0.00157657BNB"
"2021-05-19 01:47:42","HOTUSDT","SELL","0.010488","84144HOT","882.502272USDT","0.00137502BNB"
"2021-05-19 01:47:42","HOTUSDT","SELL","0.010488","1974HOT","20.703312USDT","0.00003225BNB"
"2021-05-19 01:17:14","MATICBNB","SELL","0.0044892","1758MATIC","7.8920136BNB","0.005919BNB"
"2021-05-18 21:47:50","AAVEBTC","SELL","0.014964","1.61AAVE","0.02409204BTC","0.00152275BNB"
"2021-05-18 21:47:50","AAVEBTC","SELL","0.014962","1.43AAVE","0.02139566BTC","0.00135271BNB"
"2021-05-18 21:47:50","AAVEBTC","SELL","0.014959","1.99AAVE","0.02976841BTC","0.00002977BTC"
"2021-05-18 21:36:40","DOGEBTC","SELL","0.00001107","4751DOGE","0.05259357BTC","0.00333495BNB"
"2021-05-08 06:56:04","BNBBTC","BUY","0.010874","1.86BNB","0.02022564BTC","0.001395BNB"
"2021-05-02 21:22:30","MATICUSDT","BUY","0.8205","14.8MATIC","12.1434USDT","0.00001454BNB"
"2021-05-02 21:22:30","MATICUSDT","BUY","0.8203","4066MATIC","3335.3398USDT","0.00399691BNB"
"2021-05-02 21:22:30","MATICUSDT","BUY","0.82052","37.4MATIC","30.687448USDT","0.00003675BNB"
"2021-05-02 21:22:30","MATICUSDT","BUY","0.82054","3702.3MATIC","3037.885242USDT","0.00363939BNB"
"2021-05-02 21:22:30","MATICUSDT","BUY","0.82044","24.4MATIC","20.018736USDT","0.00002398BNB"
"2021-05-02 21:22:30","MATICUSDT","BUY","0.8205","99.3MATIC","81.47565USDT","0.00009761BNB"
"2021-05-02 21:22:30","MATICUSDT","BUY","0.82043","3838.2MATIC","3148.974426USDT","0.00377298BNB"
"2021-05-02 21:22:30","MATICUSDT","BUY","0.82042","28.4MATIC","23.299928USDT","0.00002791BNB"
"2021-05-02 21:22:30","MATICUSDT","BUY","0.82029","62MATIC","50.85798USDT","0.00006094BNB"
"2021-05-02 21:22:30","MATICUSDT","BUY","0.82049","326.1MATIC","267.561789USDT","0.00032055BNB"
"2021-05-02 21:22:30","MATICUSDT","BUY","0.82048","80.5MATIC","66.04864USDT","0.00007912BNB"
"2021-05-02 21:22:30","MATICUSDT","BUY","0.8205","12.9MATIC","10.58445USDT","0.00001267BNB"
"2021-05-02 21:22:30","MATICUSDT","BUY","0.82045","24.5MATIC","20.101025USDT","0.00002408BNB"
"2021-05-02 21:22:30","MATICUSDT","BUY","0.8205","25MATIC","20.5125USDT","0.00002457BNB"
"2021-05-02 21:22:30","MATICUSDT","BUY","0.82052","37.4MATIC","30.687448USDT","0.00003675BNB"
"2021-05-02 21:22:30","MATICUSDT","BUY","0.82046","13.4MATIC","10.994164USDT","0.00001317BNB"
"2021-05-01 09:04:20","MATICUSDT","SELL","0.77161","129.4MATIC","99.846334USDT","0.00012137BNB"
"2021-05-01 09:04:20","MATICUSDT","SELL","0.77179","28.4MATIC","21.918836USDT","0.00002664BNB"
"2021-05-01 09:04:20","MATICUSDT","SELL","0.77157","4602.3MATIC","3550.996611USDT","0.00431674BNB"
"2021-05-01 09:04:20","MATICUSDT","SELL","0.77161","129.4MATIC","99.846334USDT","0.00012137BNB"
"2021-05-01 09:04:20","MATICUSDT","SELL","0.77159","3670.8MATIC","2832.352572USDT","0.00344313BNB"
"2021-05-01 09:04:20","MATICUSDT","SELL","0.77178","2558.3MATIC","1974.444774USDT","0.00240021BNB"
"2021-05-01 09:04:20","MATICUSDT","SELL","0.77165","129.4MATIC","99.85151USDT","0.00012138BNB"
"2021-05-01 09:04:20","MATICUSDT","SELL","0.77165","129.4MATIC","99.85151USDT","0.00012138BNB"
"2021-05-01 09:04:20","MATICUSDT","SELL","0.77165","129.4MATIC","99.85151USDT","0.00012138BNB"
"2021-05-01 09:04:20","MATICUSDT","SELL","0.77179","1216.4MATIC","938.805356USDT","0.00114125BNB"
"2021-05-01 09:04:20","MATICUSDT","SELL","0.77165","129.4MATIC","99.85151USDT","0.00012138BNB"
"2021-05-01 09:04:20","MATICUSDT","SELL","0.77165","129.4MATIC","99.85151USDT","0.00012138BNB"
"2021-05-01 09:04:20","MATICUSDT","SELL","0.7718","64.7MATIC","49.93546USDT","0.00006069BNB"
"2021-05-01 09:04:20","MATICUSDT","SELL","0.77165","129.4MATIC","99.85151USDT","0.00012138BNB"
"2021-04-20 07:42:06","ARPABNB","SELL","0.000188","332ARPA","0.062416BNB","0.00004681BNB"
"2021-04-20 07:42:06","ARPABNB","SELL","0.000188","2783ARPA","0.523204BNB","0.0003924BNB"
"2021-04-20 07:42:06","ARPABNB","SELL","0.000188","2000ARPA","0.376BNB","0.000282BNB"
"2021-04-20 07:42:06","ARPABNB","SELL","0.000188","351ARPA","0.065988BNB","0.00004949BNB"
"2021-04-20 07:42:06","ARPABNB","SELL","0.000188","332ARPA","0.062416BNB","0.00004681BNB"
"2021-04-20 07:42:06","ARPABNB","SELL","0.000188","4810ARPA","0.90428BNB","0.00067821BNB"
"2021-04-20 07:42:06","ARPABNB","SELL","0.000188","392ARPA","0.073696BNB","0.00005527BNB"
"2021-04-07 10:35:55","ETHBTC","BUY","0.035555","0.843ETH","0.02997286BTC","0.00333906BNB"
"2021-04-06 00:08:06","BATBTC","SELL","0.00002124","8BAT","0.00016992BTC","0.00002046BNB"
"2021-04-06 00:08:06","BATBTC","SELL","0.00002123","32BAT","0.00067936BTC","0.00008185BNB"
"2021-04-06 00:08:06","BATBTC","SELL","0.00002123","11BAT","0.00023353BTC","0.00002768BNB"
"2021-04-06 00:08:06","BATBTC","SELL","0.00002124","29BAT","0.00061596BTC","0.00007463BNB"
"2021-04-06 00:08:06","BATBTC","SELL","0.00002124","469BAT","0.00996156BTC","0.00119903BNB"
"2021-04-06 00:08:06","BATBTC","SELL","0.00002124","5BAT","0.0001062BTC","0.00001323BNB"
"2021-04-06 00:08:06","BATBTC","SELL","0.00002123","29BAT","0.00061567BTC","0.00007463BNB"
"2021-04-06 00:08:06","BATBTC","SELL","0.00002123","815BAT","0.01730245BTC","0.00208266BNB"
"2021-04-06 00:08:06","BATBTC","SELL","0.00002124","65BAT","0.0013806BTC","0.00016612BNB"
"2021-04-06 00:08:06","BATBTC","SELL","0.00002123","6BAT","0.00012738BTC","0.00001564BNB"
"2021-04-06 00:08:06","BATBTC","SELL","0.00002123","9BAT","0.00019107BTC","0.00002286BNB"
"2021-04-06 00:08:06","BATBTC","SELL","0.00002124","22BAT","0.00046728BTC","0.00005658BNB"
"2021-04-05 13:37:49","BATBTC","BUY","0.00002105","746BAT","0.0157033BTC","0.00185414BNB"
"2021-04-05 13:37:38","BATBTC","BUY","0.00002105","96BAT","0.0020208BTC","0.00023859BNB"
"2021-04-05 13:37:29","BATBTC","BUY","0.00002105","111BAT","0.00233655BTC","0.00027588BNB"
"2021-04-05 13:37:16","BATBTC","BUY","0.00002105","547BAT","0.01151435BTC","0.00135954BNB"
"2021-04-05 13:34:30","BALBTC","SELL","0.0010141","19.51BAL","0.01978509BTC","0.00233203BNB"
"2021-04-05 13:34:30","BALBTC","SELL","0.0010142","5BAL","0.005071BTC","0.00059744BNB"
"2021-04-05 13:32:45","BNTBTC","SELL","0.0001304","5.9BNT","0.00076936BTC","0.0000909BNB"
"2021-04-05 13:32:45","BNTBTC","SELL","0.0001304","47.2BNT","0.00615488BTC","0.00072606BNB"
"2021-04-05 13:32:45","BNTBTC","SELL","0.0001304","5.9BNT","0.00076936BTC","0.0000909BNB"
"2021-03-17 20:30:57","BNTUSDT","BUY","7.8","44.02BNT","343.356USDT","0.00098049BNB"
"2021-03-17 20:27:37","BNTUSDT","BUY","7.8","15BNT","117USDT","0.00033354BNB"
"2021-03-17 20:26:30","1INCHUSDT","SELL","4.5911","100.281INCH","460.395508USDT","0.00131033BNB"
"2021-03-13 12:32:19","ETHUSDT","BUY","1892.68","0.26416ETH","499.9703488USDT","0.00133688BNB"
"2021-03-13 12:32:02","MATICUSDT","SELL","0.41893","1193.5MATIC","499.992955USDT","0.00133551BNB"
"2021-03-11 22:12:17","ETHUSDT","BUY","1842.44","0.4ETH","736.976USDT","0.00188949BNB"
"2021-03-11 22:12:17","ETHUSDT","BUY","1842.56","2.53646ETH","4673.5797376USDT","0.01198159BNB"
"2021-03-11 22:12:17","ETHUSDT","BUY","1842.44","0.26406ETH","486.5147064USDT","0.00124734BNB"
"2021-03-11 22:12:17","ETHUSDT","BUY","1842.44","0.0194ETH","35.743336USDT","0.00009163BNB"
"2021-03-11 22:12:17","ETHUSDT","BUY","1842.55","0.82563ETH","1521.2645565USDT","0.00390006BNB"
"2021-03-11 22:05:01","DOTUSDT","SELL","37.27","30.96DOT","1153.8792USDT","0.00297412BNB"
"2021-03-11 22:05:01","DOTUSDT","SELL","37.27","14.73DOT","548.9871USDT","0.00141501BNB"
"2021-03-11 22:05:01","DOTUSDT","SELL","37.27","4.66DOT","173.6782USDT","0.00044765BNB"
"2021-03-11 22:05:01","DOTUSDT","SELL","37.27","21.39DOT","797.2053USDT","0.00205479BNB"
"2021-03-11 22:05:01","DOTUSDT","SELL","37.27","9.25DOT","344.7475USDT","0.00088858BNB"
"2021-03-11 22:04:55","DOTUSDT","SELL","37.27","53.99DOT","2012.2073USDT","0.00518646BNB"
"2021-03-11 22:04:55","DOTUSDT","SELL","37.27","1DOT","37.27USDT","0.00009606BNB"
"2021-03-11 22:04:54","DOTUSDT","SELL","37.27","1.02DOT","38.0154USDT","0.00009798BNB"
"2021-03-11 22:04:53","DOTUSDT","SELL","37.2714","63DOT","2348.0982USDT","0.00605222BNB"
"2021-03-10 22:02:51","USDCUSDT","BUY","1.0002","2290.84USDC","2291.298168USDT","0.00605561BNB"
"2021-03-10 22:02:39","BALUSDT","SELL","46.827","0.623BAL","29.173221USDT","0.00007712BNB"
"2021-03-10 22:02:34","BALUSDT","SELL","46.827","0.227BAL","10.629729USDT","0.00002809BNB"
"2021-03-10 22:02:33","BALUSDT","SELL","46.827","0.761BAL","35.635347USDT","0.0000942BNB"
"2021-03-10 22:02:33","BALUSDT","SELL","46.827","2.54BAL","118.94058USDT","0.00031443BNB"
"2021-03-10 22:02:33","BALUSDT","SELL","46.827","8.48BAL","397.09296USDT","0.00104976BNB"
"2021-03-10 22:01:37","BALUSDT","SELL","46.827","36.3BAL","1699.8201USDT","0.00449253BNB"
"2021-03-10 21:56:20","USDCUSDT","BUY","1.0002","2893.99USDC","2894.568798USDT","0.00772056BNB"
"2021-03-10 21:56:03","USDTDAI","BUY","0.9993","239.04USDT","238.872672DAI","0.00063667BNB"
"2021-03-10 21:56:03","USDTDAI","BUY","0.9993","600.52USDT","600.099636DAI","0.00159946BNB"
"2021-03-10 21:13:52","UNIUSDT","BUY","30.7174","79.71UNI","2448.483954USDT","0.0067013BNB"
"2021-03-10 21:13:52","UNIUSDT","BUY","30.7068","47.32UNI","1453.045776USDT","0.00397824BNB"
"2021-03-10 21:13:52","UNIUSDT","BUY","30.7079","3.2UNI","98.26528USDT","0.00026902BNB"
"2021-03-10 21:07:46","ADAUSDT","SELL","1.11917","4371.1ADA","4892.003987USDT","0.01353491BNB"
"2021-03-10 21:07:46","ADAUSDT","SELL","1.11979","4ADA","4.47916USDT","0.00001239BNB"
"2021-03-10 21:07:46","ADAUSDT","SELL","1.11951","624.9ADA","699.581799USDT","0.00193556BNB"
"2021-03-09 19:17:28","ALPHAUSDT","BUY","1.74893","1143.5ALPHA","1999.901455USDT","0.00546382BNB"
"2021-03-08 18:12:26","LINKUSDT","BUY","30.7259","3.26LINK","100.166434USDT","0.00032154BNB"
"2021-03-08 18:12:26","LINKUSDT","BUY","30.7259","1.62LINK","49.775958USDT","0.00015978BNB"
"2021-03-08 12:16:55","LINKUSDT","BUY","29.8","99LINK","2950.2USDT","0.00940726BNB"
"2021-03-08 12:15:53","LINKUSDT","BUY","29.5973","150LINK","4439.595USDT","0.01421928BNB"
"2021-03-08 12:15:53","LINKUSDT","BUY","29.6","1.06LINK","31.376USDT","0.00010047BNB"
"2021-03-08 10:32:19","GRTUSDT","SELL","1.825","1250.8GRT","2282.71USDT","0.00735322BNB"
"2021-03-08 10:32:16","GRTUSDT","SELL","1.825","2117.2GRT","3863.89USDT","0.01244664BNB"
"2021-03-08 10:32:05","GRTUSDT","SELL","1.825","147.3GRT","268.8225USDT","0.00086739BNB"
"2021-03-08 10:31:52","GRTUSDT","SELL","1.825","520.7GRT","950.2775USDT","0.00306623BNB"
"2021-03-08 10:15:24","GRTUSDT","BUY","1.82386","172.9GRT","315.345394USDT","0.00101972BNB"
"2021-03-08 10:15:24","GRTUSDT","BUY","1.82345","24GRT","43.7628USDT","0.00014154BNB"
"2021-03-08 10:15:24","GRTUSDT","BUY","1.82351","22.6GRT","41.211326USDT","0.00013328BNB"
"2021-03-08 10:15:24","GRTUSDT","BUY","1.82387","77.9GRT","142.079473USDT","0.00045943BNB"
"2021-03-08 10:15:24","GRTUSDT","BUY","1.82337","8GRT","14.58696USDT","0.00004717BNB"
"2021-03-08 10:15:24","GRTUSDT","BUY","1.82385","411.5GRT","750.514275USDT","0.00242693BNB"
"2021-03-08 10:15:24","GRTUSDT","BUY","1.82346","65.9GRT","120.166014USDT","0.00038865BNB"
"2021-03-08 10:15:24","GRTUSDT","BUY","1.82315","15.8GRT","28.80577USDT","0.00009318BNB"
"2021-03-08 10:15:24","GRTUSDT","BUY","1.82293","642.2GRT","1170.685646USDT","0.00378754BNB"
"2021-03-08 10:15:24","GRTUSDT","BUY","1.82292","9.8GRT","17.864616USDT","0.00005779BNB"
"2021-03-08 10:15:24","GRTUSDT","BUY","1.82363","7GRT","12.76541USDT","0.00004128BNB"
"2021-03-08 10:14:49","BNBUSDT","SELL","231.3186","23BNB","5320.3278USDT","0.0172778BNB"
"2021-03-08 10:12:38","AAVEBNB","SELL","1.7172","2.06AAVE","3.537432BNB","0.00265307BNB"
"2021-03-08 10:12:38","AAVEBNB","SELL","1.7172","2.97AAVE","5.100084BNB","0.00382506BNB"
"2021-03-08 10:11:21","SUSHIBNB","SELL","0.0733","133.36SUSHI","9.775288BNB","0.00733146BNB"
"2021-03-08 10:11:21","SUSHIBNB","SELL","0.0733","1.36SUSHI","0.099688BNB","0.00007476BNB"
"2021-03-08 10:11:21","SUSHIBNB","SELL","0.0733","48.31SUSHI","3.541123BNB","0.00265584BNB"
"2021-03-08 10:11:16","SUSHIBNB","SELL","0.0733","16.97SUSHI","1.243901BNB","0.00093292BNB"
"2021-03-04 10:59:38","BNBUSDT","BUY","238.642","0.169BNB","40.330498USDT","0.00012675BNB"
"2021-03-04 10:57:37","XLMUSDT","SELL","0.41313","1608.9XLM","664.684857USDT","0.66468486USDT"
"2021-02-23 23:17:13","FTMBNB","BUY","0.001971","122FTM","0.240462BNB","0.122FTM"
"2021-02-23 23:17:13","FTMBNB","BUY","0.001972","168FTM","0.331296BNB","0.168FTM"
"2021-02-23 23:17:13","FTMBNB","BUY","0.001978","5970FTM","11.80866BNB","5.97FTM"
"2021-02-23 23:17:13","FTMBNB","BUY","0.001978","30FTM","0.05934BNB","0.03FTM"
"2021-02-23 23:16:51","ADABNB","SELL","0.004154","60ADA","0.24924BNB","0.00018693BNB"
"2021-02-23 23:16:51","ADABNB","SELL","0.004154","2937ADA","12.200298BNB","0.00915022BNB"
"2021-02-21 23:37:27","ZRXUSDT","BUY","1.6722","410ZRX","685.602USDT","0.41ZRX"
"2021-02-21 23:37:27","ZRXUSDT","BUY","1.6722","27.01ZRX","45.166122USDT","0.02701ZRX"
"2021-02-21 23:37:27","ZRXUSDT","BUY","1.6724","881.69ZRX","1474.538356USDT","0.88169ZRX"
"2021-02-21 23:36:55","ADAUSDT","SELL","1.10583","1997.5ADA","2208.895425USDT","2.20889543USDT"
"2021-02-21 22:53:55","ETHUSDT","BUY","1923.9","0.25995ETH","500.117805USDT","0.00025995ETH"
"2021-02-21 22:53:55","ETHUSDT","BUY","1923.9","2.18515ETH","4204.010085USDT","0.00218515ETH"
"2021-02-18 23:36:32","USDCUSDT","BUY","1","4000USDC","4000USDT","4USDC"
"2021-02-14 00:11:11","ADAUSDT","BUY","0.915","1761.9ADA","1612.1385USDT","1.7619ADA"
"2021-02-14 00:11:08","ADAUSDT","BUY","0.915","3238.1ADA","2962.8615USDT","3.2381ADA"
"2021-02-13 12:39:10","GRTUSDT","BUY","2.35556","14.1GRT","33.213396USDT","0.0141GRT"
"2021-02-13 12:39:10","GRTUSDT","BUY","2.35564","1902.1GRT","4480.662844USDT","1.9021GRT"
"2021-02-13 12:39:10","GRTUSDT","BUY","2.35565","83.8GRT","197.40347USDT","0.0838GRT"
"2021-02-12 07:56:44","ADAUSDT","SELL","0.90701","17.7ADA","16.054077USDT","0.01605408USDT"
"2021-02-12 07:56:44","ADAUSDT","SELL","0.90709","164.5ADA","149.216305USDT","0.14921631USDT"
"2021-02-12 07:56:44","ADAUSDT","SELL","0.90674","590.9ADA","535.792666USDT","0.53579267USDT"
"2021-02-12 07:56:44","ADAUSDT","SELL","0.90711","170.1ADA","154.299411USDT","0.15429941USDT"
"2021-02-12 07:56:44","ADAUSDT","SELL","0.90708","782.5ADA","709.7901USDT","0.7097901USDT"
"2021-02-12 07:56:44","ADAUSDT","SELL","0.90674","1242.6ADA","1126.715124USDT","1.12671512USDT"
"2021-02-12 07:56:44","ADAUSDT","SELL","0.90673","1349.8ADA","1223.904154USDT","1.22390415USDT"
"2021-02-12 07:56:44","ADAUSDT","SELL","0.9071","26.9ADA","24.40099USDT","0.02440099USDT"
"2021-02-12 07:56:44","ADAUSDT","SELL","0.90681","655.5ADA","594.413955USDT","0.59441396USDT"
"2021-02-11 00:09:32","ADAUSDT","SELL","0.92054","5000.5ADA","4603.16027USDT","4.60316027USDT"
"2021-02-10 23:50:03","BALUSDT","BUY","42.952","33.3BAL","1430.3016USDT","0.0333BAL"
"2021-02-10 23:50:03","BALUSDT","BUY","42.975","5.002BAL","214.96095USDT","0.005002BAL"
"2021-02-10 23:50:03","BALUSDT","BUY","42.952","8.271BAL","355.255992USDT","0.008271BAL"
"2021-02-10 23:50:03","BALUSDT","BUY","42.95","2.291BAL","98.39845USDT","0.002291BAL"
"2021-02-10 23:50:03","BALUSDT","BUY","42.951","13.142BAL","564.462042USDT","0.013142BAL"
"2021-02-10 23:50:03","BALUSDT","BUY","42.941","12BAL","515.292USDT","0.012BAL"
"2021-02-10 23:49:11","1INCHUSDT","SELL","4.9","101INCH","49USDT","0.049USDT"
"2021-02-10 23:49:11","1INCHUSDT","SELL","4.9026","37.481INCH","183.749448USDT","0.18374945USDT"
"2021-02-10 23:49:11","1INCHUSDT","SELL","4.9006","7.521INCH","36.852512USDT","0.03685251USDT"
"2021-02-10 23:49:11","1INCHUSDT","SELL","4.9003","211.311INCH","1035.482393USDT","1.03548239USDT"
"2021-02-10 23:49:11","1INCHUSDT","SELL","4.9","101INCH","49USDT","0.049USDT"
"2021-02-10 23:49:11","1INCHUSDT","SELL","4.9","61.221INCH","299.978USDT","0.299978USDT"
"2021-02-10 23:49:11","1INCHUSDT","SELL","4.9","5.531INCH","27.097USDT","0.027097USDT"
"2021-02-10 23:49:11","1INCHUSDT","SELL","4.9","251INCH","122.5USDT","0.1225USDT"
"2021-02-10 23:49:11","1INCHUSDT","SELL","4.9","4.241INCH","20.776USDT","0.020776USDT"
"2021-02-10 23:49:11","1INCHUSDT","SELL","4.9","5.781INCH","28.322USDT","0.028322USDT"
"2021-02-10 23:49:11","1INCHUSDT","SELL","4.9","40.811INCH","199.969USDT","0.199969USDT"
"2021-02-10 23:49:11","1INCHUSDT","SELL","4.9025","3.981INCH","19.51195USDT","0.01951195USDT"
"2021-02-10 23:49:11","1INCHUSDT","SELL","4.9","8.691INCH","42.581USDT","0.042581USDT"
"2021-02-10 23:49:11","1INCHUSDT","SELL","4.9001","26.881INCH","131.714688USDT","0.13171469USDT"
"2021-02-10 23:49:11","1INCHUSDT","SELL","4.9016","421INCH","205.8672USDT","0.2058672USDT"
"2021-02-10 23:49:11","1INCHUSDT","SELL","4.9","102.041INCH","499.996USDT","0.499996USDT"
"2021-02-10 23:49:11","1INCHUSDT","SELL","4.9","46.831INCH","229.467USDT","0.229467USDT"
"2021-02-07 15:18:01","SUSHIUSDT","BUY","12.2","50SUSHI","610USDT","0.05SUSHI"
"2021-02-07 02:20:55","SUSHIUSDT","BUY","13","100SUSHI","1300USDT","0.1SUSHI"
"2021-02-07 01:56:29","AAVEUSDT","BUY","450","2.5AAVE","1125USDT","0.0025AAVE"
"2021-02-07 01:24:59","SUSHIUSDT","BUY","13.4","85SUSHI","1139USDT","0.085SUSHI"
"2021-02-07 00:40:46","MATICUSDT","SELL","0.05296","10000MATIC","529.6USDT","0.5296USDT"
"2021-02-07 00:40:46","MATICUSDT","SELL","0.05296","6733.1MATIC","356.584976USDT","0.35658498USDT"
"2021-02-07 00:40:46","MATICUSDT","SELL","0.05296","1266.9MATIC","67.095024USDT","0.06709502USDT"
"2021-02-06 23:59:26","MATICUSDT","BUY","0.05246","13726.2MATIC","720.076452USDT","13.7262MATIC"
"2021-02-06 23:59:26","MATICUSDT","BUY","0.05242","615.8MATIC","32.280236USDT","0.6158MATIC"
"2021-02-06 23:59:26","MATICUSDT","BUY","0.05248","4718.8MATIC","247.642624USDT","4.7188MATIC"
"2021-02-06 23:55:13","DOTUSDT","BUY","20.3894","50DOT","1019.47USDT","0.05DOT"
"2021-02-06 23:55:13","DOTUSDT","BUY","20.3935","20.91DOT","426.428085USDT","0.02091DOT"
"2021-02-06 23:55:13","DOTUSDT","BUY","20.392","1.76DOT","35.88992USDT","0.00176DOT"
"2021-02-06 23:55:13","DOTUSDT","BUY","20.3902","10.7DOT","218.17514USDT","0.0107DOT"
"2021-02-06 20:17:28","GRTUSDT","BUY","0.87","221.2GRT","192.444USDT","0.2212GRT"
"2021-02-06 20:17:28","GRTUSDT","BUY","0.87","1158.5GRT","1007.895USDT","1.1585GRT"
"2021-02-06 20:17:28","GRTUSDT","BUY","0.87","31.3GRT","27.231USDT","0.0313GRT"
"2021-02-06 20:17:28","GRTUSDT","BUY","0.87","89GRT","77.43USDT","0.089GRT"
"2021-02-06 20:04:26","1INCHUSDT","BUY","5.4","64.261INCH","347.004USDT","0.064261INCH"
"2021-02-06 20:04:26","1INCHUSDT","BUY","5.4","7.21INCH","38.88USDT","0.00721INCH"
"2021-02-06 20:04:26","1INCHUSDT","BUY","5.4","1501INCH","810USDT","0.151INCH"
"2021-02-06 20:04:26","1INCHUSDT","BUY","5.4","501INCH","270USDT","0.051INCH"
"2021-02-06 20:04:26","1INCHUSDT","BUY","5.4","228.541INCH","1234.116USDT","0.228541INCH"
"2021-02-06 19:58:48","AAVEUSDT","BUY","487.376","0.093AAVE","45.325968USDT","0.000093AAVE"
"2021-02-06 19:58:48","AAVEUSDT","BUY","487.375","2.14AAVE","1042.9825USDT","0.00214AAVE"
"2021-02-06 19:58:48","AAVEUSDT","BUY","487.381","0.267AAVE","130.130727USDT","0.000267AAVE"
"2021-02-06 19:38:00","BTCUSDT","SELL","40021.97","0.5BTC","20010.985USDT","20.010985USDT"
"2021-02-04 08:09:53","OMGUSDT","BUY","4.4191","26.34OMG","116.399094USDT","0.02634OMG"
"2021-02-04 08:09:53","OMGUSDT","BUY","4.4171","94.31OMG","416.576701USDT","0.09431OMG"
"2021-01-29 06:57:01","DOGEUSDT","BUY","0.0521641","4702DOGE","245.2755982USDT","4.702DOGE"
"2021-01-28 00:19:52","SUSHIUSDT","BUY","7","151SUSHI","1057USDT","0.151SUSHI"
"2021-01-28 00:17:03","1INCHUSDT","BUY","2.45","189.041INCH","463.148USDT","0.189041INCH"
"2021-01-28 00:17:03","1INCHUSDT","BUY","2.45","60.961INCH","149.352USDT","0.060961INCH"
"2021-01-27 21:55:05","SUSHIUSDT","BUY","7.29","65SUSHI","473.85USDT","0.065SUSHI"
"2021-01-27 21:47:35","AAVEUSDT","BUY","292.5","0.69AAVE","201.825USDT","0.00069AAVE"
"2021-01-27 21:47:35","AAVEUSDT","BUY","292.5","0.173AAVE","50.6025USDT","0.000173AAVE"
"2021-01-27 21:47:34","AAVEUSDT","BUY","292.5","0.437AAVE","127.8225USDT","0.000437AAVE"
"2021-01-27 21:43:32","USDCUSDT","SELL","0.9988","3004.06USDC","3000.455128USDT","3.00045513USDT"
"2021-01-24 16:55:09","LTCUSDC","SELL","137.25","18.19886LTC","2497.793535USDC","2.49779354USDC"
"2021-01-24 16:55:09","LTCUSDC","SELL","137.23","5.66267LTC","777.0882041USDC","0.7770882USDC"
"2021-01-24 16:55:09","LTCUSDC","SELL","137.26","20LTC","2745.2USDC","2.7452USDC"
"2021-01-21 14:11:48","BTCDAI","SELL","31750.93","0.001574BTC","49.97596382DAI","0.04997596DAI"
"2021-01-21 14:11:48","BTCDAI","SELL","31740.1","0.018186BTC","577.2254586DAI","0.57722546DAI"
"2021-01-21 14:11:48","BTCDAI","SELL","31745.07","0.004001BTC","127.01202507DAI","0.12701203DAI"
"2021-01-21 14:11:48","BTCDAI","SELL","31786.06","0.002027BTC","64.43034362DAI","0.06443034DAI"
"2021-01-21 14:11:48","BTCDAI","SELL","31750","0.000629BTC","19.97075DAI","0.01997075DAI"
"2021-01-21 14:08:18","ADABTC","SELL","0.00001057","628ADA","0.00663796BTC","0.00000664BTC"
"2021-01-21 14:08:18","ADABTC","SELL","0.00001058","1854ADA","0.01961532BTC","0.00001962BTC"
"2021-01-21 14:08:18","ADABTC","SELL","0.00001058","18ADA","0.00019044BTC","0.00000019BTC"
"2021-01-19 18:35:20","ADAETH","SELL","0.00026741","452ADA","0.12086932ETH","0.00012087ETH"
"2021-01-19 18:35:20","ADAETH","SELL","0.00026742","255ADA","0.0681921ETH","0.00006819ETH"
"2021-01-14 12:48:06","AAVEBTC","BUY","0.003782","0.04AAVE","0.00015128BTC","0.00004AAVE"
"2021-01-14 12:48:06","AAVEBTC","BUY","0.003783","3.74AAVE","0.01414842BTC","0.00374AAVE"
"2021-01-14 12:47:33","GRTBTC","BUY","0.00000906","27GRT","0.00024462BTC","0.027GRT"
"2021-01-14 12:47:33","GRTBTC","BUY","0.00000906","118GRT","0.00106908BTC","0.118GRT"
"2021-01-14 12:47:33","GRTBTC","BUY","0.00000906","867GRT","0.00785502BTC","0.867GRT"
"2021-01-14 12:47:33","GRTBTC","BUY","0.00000906","572GRT","0.00518232BTC","0.572GRT"
"2021-01-11 23:37:17","XMRBTC","SELL","0.004573","9.268XMR","0.04238256BTC","0.00004238BTC"
"2021-01-11 23:37:17","XMRBTC","SELL","0.004572","2.857XMR","0.0130622BTC","0.00001306BTC"
"2021-01-11 23:37:17","XMRBTC","SELL","0.004572","0.03XMR","0.00013716BTC","0.00000014BTC"
"2021-01-11 23:37:17","XMRBTC","SELL","0.004573","1.943XMR","0.00888533BTC","0.00000889BTC"
"2021-01-11 23:37:17","XMRBTC","SELL","0.004572","15.872XMR","0.07256678BTC","0.00007257BTC"
"2021-01-11 21:38:53","XMRBTC","BUY","0.004777","2.195XMR","0.01048551BTC","0.002195XMR"
"2021-01-11 21:38:53","XMRBTC","BUY","0.004771","0.1XMR","0.0004771BTC","0.0001XMR"
"2021-01-11 21:38:53","XMRBTC","BUY","0.004777","2.818XMR","0.01346158BTC","0.002818XMR"
"2021-01-11 21:38:53","XMRBTC","BUY","0.004776","10XMR","0.04776BTC","0.01XMR"
"2021-01-11 21:38:53","XMRBTC","BUY","0.004778","9.887XMR","0.04724008BTC","0.009887XMR"
"2021-01-11 03:31:41","BTCUSDT","BUY","34850","0.028083BTC","978.69255USDT","0.00002808BTC"
"2021-01-11 03:31:41","BTCUSDT","BUY","34850","0.115389BTC","4021.30665USDT","0.00011539BTC"
"2021-01-10 20:25:11","BTCUSDT","BUY","36500","0.136986BTC","4999.989USDT","0.00013699BTC"
"2021-01-10 13:05:37","BTCUSDT","BUY","39690.57","0.127581BTC","5063.76261117USDT","0.00012758BTC"
"2021-01-10 12:06:47","BTCUSDT","BUY","38700","0.129199BTC","5000.0013USDT","0.0001292BTC"
"2021-01-10 10:34:40","BTCUSDT","SELL","40150","0.389757BTC","15648.74355USDT","15.64874355USDT"
"2021-01-10 10:34:40","BTCUSDT","SELL","40150","0.007714BTC","309.7171USDT","0.3097171USDT"
"2021-01-10 10:34:40","BTCUSDT","SELL","40150","0.001604BTC","64.4006USDT","0.0644006USDT"
"2021-01-10 10:34:40","BTCUSDT","SELL","40150","0.020715BTC","831.70725USDT","0.83170725USDT"
"2021-01-10 10:34:40","BTCUSDT","SELL","40150","0.012287BTC","493.32305USDT","0.49332305USDT"
"2021-01-10 10:34:40","BTCUSDT","SELL","40150","0.053967BTC","2166.77505USDT","2.16677505USDT"
"2021-01-10 10:34:40","BTCUSDT","SELL","40150","0.003019BTC","121.21285USDT","0.12121285USDT"
"2021-01-10 10:34:40","BTCUSDT","SELL","40150","0.000326BTC","13.0889USDT","0.0130889USDT"
"2021-01-10 10:34:40","BTCUSDT","SELL","40150","0.010611BTC","426.03165USDT","0.42603165USDT"
"2021-01-08 18:20:42","ETHBTC","BUY","0.029291","0.03ETH","0.00087873BTC","0.00003ETH"
"2021-01-08 18:11:31","ETHBTC","BUY","0.029426","0.049ETH","0.00144187BTC","0.000049ETH"
"2021-01-08 18:11:31","ETHBTC","BUY","0.029427","1.951ETH","0.05741207BTC","0.001951ETH"
"2021-01-06 13:05:49","XLMDOWNUSDT","BUY","0.525","40XLMDOWN","21USDT","0.04XLMDOWN"
"2021-01-06 12:58:15","XMRBTC","BUY","0.003984","0.905XMR","0.00360552BTC","0.000905XMR"
"2021-01-06 12:58:15","XMRBTC","BUY","0.003985","0.695XMR","0.00276957BTC","0.000695XMR"
"2021-01-06 12:58:15","XMRBTC","BUY","0.003983","3.4XMR","0.0135422BTC","0.0034XMR"
"2021-01-06 12:53:23","XLMBTC","SELL","0.00001","1608XLM","0.01608BTC","0.00001608BTC"
"2021-01-06 12:50:36","ADABTC","SELL","0.00000982","3208ADA","0.03150256BTC","0.0000315BTC"
"2021-01-06 12:49:42","XLMBTC","SELL","0.00001","3216XLM","0.03216BTC","0.00003216BTC"
"2021-01-04 18:44:08","IOTAUSDT","SELL","0.3047","67.83IOTA","20.667801USDT","0.0206678USDT"
"2020-12-31 09:43:21","DOTUSDT","BUY","8.3042","17.7DOT","146.98434USDT","0.0177DOT"
"2020-12-31 09:43:21","DOTUSDT","BUY","8.3059","92.94DOT","771.950346USDT","0.09294DOT"
"2020-12-31 09:43:21","DOTUSDT","BUY","8.306","67.44DOT","560.15664USDT","0.06744DOT"
"2020-12-31 09:43:21","DOTUSDT","BUY","8.3042","37.25DOT","309.33145USDT","0.03725DOT"
"2020-12-31 09:43:21","DOTUSDT","BUY","8.3043","185.22DOT","1538.122446USDT","0.18522DOT"
"2020-12-31 09:43:21","DOTUSDT","BUY","8.3058","19.51DOT","162.046158USDT","0.01951DOT"
"2020-12-31 09:42:50","ADAUSDT","SELL","0.18148","2763ADA","501.42924USDT","0.50142924USDT"
"2020-12-31 09:42:50","ADAUSDT","SELL","0.18147","1579.1ADA","286.559277USDT","0.28655928USDT"
"2020-12-31 09:42:50","ADAUSDT","SELL","0.18151","339.2ADA","61.568192USDT","0.06156819USDT"
"2020-12-31 09:42:50","ADAUSDT","SELL","0.18149","580.3ADA","105.318647USDT","0.10531865USDT"
"2020-12-31 09:42:50","ADAUSDT","SELL","0.1815","863.7ADA","156.76155USDT","0.15676155USDT"
"2020-12-31 09:42:50","ADAUSDT","SELL","0.1815","550.9ADA","99.98835USDT","0.09998835USDT"
"2020-12-31 09:42:50","ADAUSDT","SELL","0.18152","300ADA","54.456USDT","0.054456USDT"
"2020-12-31 09:42:50","ADAUSDT","SELL","0.18145","3471.3ADA","629.867385USDT","0.62986739USDT"
"2020-12-31 09:42:50","ADAUSDT","SELL","0.18147","8598.2ADA","1560.315354USDT","1.56031535USDT"
"2020-12-31 09:42:50","ADAUSDT","SELL","0.1815","200ADA","36.3USDT","0.0363USDT"
"2020-12-23 22:10:39","ADABTC","BUY","0.000006","12516ADA","0.075096BTC","12.516ADA"
"2020-12-23 22:07:37","ADABTC","BUY","0.00000605","12413ADA","0.07509865BTC","12.413ADA"
"2020-12-23 21:34:56","XRPBTC","SELL","0.00001173","4230XRP","0.0496179BTC","0.00004962BTC"
"2020-12-22 23:22:08","XRPBTC","SELL","0.00001869","4230XRP","0.0790587BTC","0.00007906BTC"
"2020-12-17 10:55:58","ADAUSDT","BUY","0.17186","10561.1ADA","1815.030646USDT","10.5611ADA"
"2020-12-17 10:55:22","XRPUSDT","SELL","0.56787","510.5XRP","289.897635USDT","0.28989764USDT"
"2020-12-17 10:55:22","XRPUSDT","SELL","0.56782","1989.5XRP","1129.67789USDT","1.12967789USDT"
"2020-12-17 10:54:20","NANOUSDT","SELL","1.1812","60.22NANO","71.131864USDT","0.07113186USDT"
"2020-12-17 10:54:20","NANOUSDT","SELL","1.1813","140.45NANO","165.913585USDT","0.16591359USDT"
"2020-12-17 10:54:20","NANOUSDT","SELL","1.1802","63.2NANO","74.58864USDT","0.07458864USDT"
"2020-12-17 10:54:20","NANOUSDT","SELL","1.1796","65.91NANO","77.747436USDT","0.07774744USDT"
"2020-12-06 09:37:38","BATBTC","SELL","0.00001209","227BAT","0.00274443BTC","0.00000274BTC"
"2020-12-06 09:37:38","BATBTC","SELL","0.00001209","522BAT","0.00631098BTC","0.00000631BTC"
"2020-12-05 23:17:57","BATBTC","BUY","0.00001232","750BAT","0.00924BTC","0.75BAT"
"2020-12-05 22:59:35","AKROBTC","SELL","0.00000065","1871AKRO","0.00121615BTC","0.00000122BTC"
"2020-12-05 22:59:35","AKROBTC","SELL","0.00000065","11978AKRO","0.0077857BTC","0.00000779BTC"
"2020-12-05 22:59:35","AKROBTC","SELL","0.00000066","2861AKRO","0.00188826BTC","0.00000189BTC"
"2020-12-05 22:59:35","AKROBTC","SELL","0.00000066","4154AKRO","0.00274164BTC","0.00000274BTC"
"2020-12-05 22:59:35","AKROBTC","SELL","0.00000066","185AKRO","0.0001221BTC","0.00000012BTC"
"2020-12-05 22:59:35","AKROBTC","SELL","0.00000065","1956AKRO","0.0012714BTC","0.00000127BTC"
"2020-12-05 22:59:35","AKROBTC","SELL","0.00000065","4197AKRO","0.00272805BTC","0.00000273BTC"
"2020-12-05 22:59:35","AKROBTC","SELL","0.00000066","4740AKRO","0.0031284BTC","0.00000313BTC"
"2020-12-05 22:59:35","AKROBTC","SELL","0.00000065","1515AKRO","0.00098475BTC","0.00000098BTC"
"2020-12-04 07:41:12","NANOUSDT","BUY","1.1832","9.32NANO","11.027424USDT","0.00932NANO"
"2020-12-04 07:41:12","NANOUSDT","BUY","1.1832","9.32NANO","11.027424USDT","0.00932NANO"
"2020-12-04 07:41:12","NANOUSDT","BUY","1.1832","9.32NANO","11.027424USDT","0.00932NANO"
"2020-12-04 07:41:12","NANOUSDT","BUY","1.1832","9.32NANO","11.027424USDT","0.00932NANO"
"2020-12-04 07:41:12","NANOUSDT","BUY","1.1827","92.4NANO","109.28148USDT","0.0924NANO"
"2020-12-04 07:41:12","NANOUSDT","BUY","1.1833","31.38NANO","37.131954USDT","0.03138NANO"
"2020-12-04 07:41:12","NANOUSDT","BUY","1.1832","0.84NANO","0.993888USDT","0.00084NANO"
"2020-12-04 07:41:12","NANOUSDT","BUY","1.1832","9.32NANO","11.027424USDT","0.00932NANO"
"2020-12-04 07:41:12","NANOUSDT","BUY","1.1832","9.32NANO","11.027424USDT","0.00932NANO"
"2020-12-04 07:41:12","NANOUSDT","BUY","1.1832","9.32NANO","11.027424USDT","0.00932NANO"
"2020-12-04 07:41:12","NANOUSDT","BUY","1.1832","9.32NANO","11.027424USDT","0.00932NANO"
"2020-12-04 07:41:12","NANOUSDT","BUY","1.1827","110.93NANO","131.196911USDT","0.11093NANO"
"2020-12-04 07:41:12","NANOUSDT","BUY","1.1826","10.69NANO","12.641994USDT","0.01069NANO"
"2020-12-04 07:41:12","NANOUSDT","BUY","1.1832","9.32NANO","11.027424USDT","0.00932NANO"
"2020-12-04 06:50:24","AKROUSDT","BUY","0.011895","33491AKRO","398.375445USDT","33.491AKRO"
"2020-12-04 00:39:43","AKROUSDT","SELL","0.012","7508AKRO","90.096USDT","0.090096USDT"
"2020-12-04 00:39:43","AKROUSDT","SELL","0.011958","1957AKRO","23.401806USDT","0.02340181USDT"
"2020-12-04 00:39:43","AKROUSDT","SELL","0.011961","1630AKRO","19.49643USDT","0.01949643USDT"
"2020-12-04 00:39:43","AKROUSDT","SELL","0.011967","1785AKRO","21.361095USDT","0.0213611USDT"
"2020-12-04 00:39:43","AKROUSDT","SELL","0.012","8333AKRO","99.996USDT","0.099996USDT"
"2020-12-04 00:39:43","AKROUSDT","SELL","0.011986","3291AKRO","39.445926USDT","0.03944593USDT"
"2020-12-04 00:39:43","AKROUSDT","SELL","0.011986","1368AKRO","16.396848USDT","0.01639685USDT"
"2020-12-04 00:39:43","AKROUSDT","SELL","0.011978","17333AKRO","207.614674USDT","0.20761467USDT"
"2020-12-04 00:39:43","AKROUSDT","SELL","0.012","2088AKRO","25.056USDT","0.025056USDT"
"2020-12-04 00:39:43","AKROUSDT","SELL","0.011983","1666AKRO","19.963678USDT","0.01996368USDT"
"2020-12-04 00:39:43","AKROUSDT","SELL","0.011977","2263AKRO","27.103951USDT","0.02710395USDT"
"2020-12-04 00:39:43","AKROUSDT","SELL","0.011971","17343AKRO","207.613053USDT","0.20761305USDT"
"2020-12-03 07:58:47","AKROUSDT","BUY","0.010526","2339AKRO","24.620314USDT","2.339AKRO"
"2020-12-03 07:58:00","AKROUSDT","BUY","0.010526","21094AKRO","222.035444USDT","21.094AKRO"
"2020-12-03 07:57:36","AKROUSDT","BUY","0.010526","9237AKRO","97.228662USDT","9.237AKRO"
"2020-12-03 07:57:19","AKROUSDT","BUY","0.010526","28077AKRO","295.538502USDT","28.077AKRO"
"2020-12-03 07:57:08","AKROUSDT","BUY","0.010526","1473AKRO","15.504798USDT","1.473AKRO"
"2020-12-03 07:57:08","AKROUSDT","BUY","0.010526","1029AKRO","10.831254USDT","1.029AKRO"
"2020-12-03 07:57:05","AKROUSDT","BUY","0.010526","3383AKRO","35.609458USDT","3.383AKRO"
"2020-11-25 20:39:09","XRPUSDT","SELL","0.595","1179.3XRP","701.6835USDT","0.7016835USDT"
"2020-11-24 23:29:51","XRPUSDT","BUY","0.70636","1180.5XRP","833.85798USDT","1.1805XRP"
"2020-11-24 23:11:34","BNBUSDT","SELL","33.4897","12.767BNB","427.5629999USDT","0.427563USDT"
"2020-11-24 23:11:34","BNBUSDT","SELL","33.4862","2.169BNB","72.6315678USDT","0.07263157USDT"
"2020-11-24 23:11:34","BNBUSDT","SELL","33.4892","5BNB","167.446USDT","0.167446USDT"
"2020-11-24 23:11:34","BNBUSDT","SELL","33.4878","5BNB","167.439USDT","0.167439USDT"
"2020-11-04 09:53:26","BNBUSDT","BUY","26.4646","1.588BNB","42.0257848USDT","0.001191BNB"
"2020-11-04 09:01:39","ADAUSDT","BUY","0.09382","246.6ADA","23.136012USDT","0.00065484BNB"
"2020-11-04 09:01:39","ADAUSDT","BUY","0.09381","8598.2ADA","806.597142USDT","0.0228324BNB"
"2020-11-04 09:01:39","ADAUSDT","BUY","0.09381","302.4ADA","28.368144USDT","0.00080301BNB"
"2020-11-04 09:01:39","ADAUSDT","BUY","0.0938","852.8ADA","79.99264USDT","0.00226459BNB"
"2020-11-04 09:01:01","LTCUSDT","SELL","52.77","24.25862LTC","1280.1273774USDT","0.03633365BNB"
"2020-09-15 09:11:25","BNBBTC","BUY","0.0027196","6.96BNB","0.01892841BTC","0.00522BNB"
"2020-09-15 09:11:25","BNBBTC","BUY","0.0027195","6.83BNB","0.01857418BTC","0.0051225BNB"
"2020-09-15 09:11:25","BNBBTC","BUY","0.0027196","7.54BNB","0.02050578BTC","0.005655BNB"
"2020-09-15 09:11:25","BNBBTC","BUY","0.0027196","0.67BNB","0.00182213BTC","0.0005025BNB"
"2020-09-01 06:57:39","BATBTC","BUY","0.00002935","279BAT","0.00818865BTC","0.279BAT"
"2020-09-01 06:56:54","TRXBTC","BUY","0.00000255","3000TRX","0.00765BTC","3TRX"
"2020-08-30 19:11:22","ADABTC","BUY","0.00001","25ADA","0.00025BTC","0.00009222BNB"
"2020-08-24 19:30:43","SXPBTC","BUY","0.00024601","10SXP","0.0024601BTC","0.01SXP"
"2020-08-19 20:08:32","SXPBTC","BUY","0.00027239","1SXP","0.00027239BTC","0.00010845BNB"
"2020-08-19 18:58:58","SXPBTC","BUY","0.00026494","15SXP","0.0039741BTC","0.015SXP"
"2020-08-19 18:58:58","SXPBTC","BUY","0.00026492","26SXP","0.00688792BTC","0.00271899BNB"
"2020-08-19 18:58:58","SXPBTC","BUY","0.00026496","102SXP","0.02702592BTC","0.102SXP"
"2020-08-19 18:58:58","SXPBTC","BUY","0.00026489","27SXP","0.00715203BTC","0.00282357BNB"
"2020-08-19 18:58:58","SXPBTC","BUY","0.00026492","111SXP","0.02940612BTC","0.111SXP"
"2020-08-19 18:58:58","SXPBTC","BUY","0.00026494","19SXP","0.00503386BTC","0.00198696BNB"
"2020-08-19 18:58:42","XRPBTC","SELL","0.0000246","1391XRP","0.0342186BTC","0.00003422BTC"
"2020-08-19 18:58:42","XRPBTC","SELL","0.00002459","109XRP","0.00268031BTC","0.00105561BNB"
"2020-08-19 18:58:10","XRPBTC","SELL","0.00002461","2500XRP","0.061525BTC","0.00006153BTC"
"2020-08-18 15:33:35","ARPABTC","BUY","0.00000375","250ARPA","0.0009375BTC","0.00036704BNB"
"2020-08-18 15:33:29","ARPABTC","BUY","0.00000376","352ARPA","0.00132352BTC","0.00051679BNB"
"2020-08-18 15:33:29","ARPABTC","BUY","0.00000376","402ARPA","0.00151152BTC","0.00059019BNB"
"2020-08-18 15:33:29","ARPABTC","BUY","0.00000376","800ARPA","0.003008BTC","0.00117453BNB"
"2020-08-18 15:33:29","ARPABTC","BUY","0.00000376","86ARPA","0.00032336BTC","0.00012626BNB"
"2020-08-18 15:33:29","ARPABTC","BUY","0.00000376","1690ARPA","0.0063544BTC","0.0024812BNB"
"2020-08-18 15:33:29","ARPABTC","BUY","0.00000376","12575ARPA","0.047282BTC","0.01846223BNB"
"2020-08-18 15:33:29","ARPABTC","BUY","0.00000376","684ARPA","0.00257184BTC","0.00100422BNB"
"2020-08-18 15:30:22","SXPBTC","SELL","0.00031815","199SXP","0.06331185BTC","0.02484823BNB"
"2020-08-16 00:55:58","ARPABTC","BUY","0.00000372","1019ARPA","0.00379068BTC","0.00146773BNB"
"2020-08-16 00:54:36","ARPABTC","BUY","0.00000372","2357ARPA","0.00876804BTC","0.00339204BNB"
"2020-08-16 00:54:02","ARPABTC","BUY","0.00000372","289ARPA","0.00107508BTC","0.00041619BNB"
"2020-08-16 00:53:50","ARPABTC","BUY","0.00000372","2820ARPA","0.0104904BTC","0.00406115BNB"
"2020-08-16 00:53:47","ARPABTC","BUY","0.00000372","4215ARPA","0.0156798BTC","0.00607013BNB"
"2020-08-16 00:53:42","ARPABTC","BUY","0.00000372","3677ARPA","0.01367844BTC","0.00529534BNB"
"2020-08-16 00:52:52","ARPABTC","BUY","0.00000372","7225ARPA","0.026877BTC","0.0104449BNB"
"2020-08-15 12:11:56","ARPABTC","SELL","0.00000428","393ARPA","0.00168204BTC","0.00064161BNB"
"2020-08-15 12:11:56","ARPABTC","SELL","0.00000428","462ARPA","0.00197736BTC","0.00075618BNB"
"2020-08-15 12:11:56","ARPABTC","SELL","0.00000428","780ARPA","0.0033384BTC","0.00127558BNB"
"2020-08-15 12:11:56","ARPABTC","SELL","0.00000428","786ARPA","0.00336408BTC","0.00128322BNB"
"2020-08-15 12:11:56","ARPABTC","SELL","0.00000428","779ARPA","0.00333412BTC","0.00127176BNB"
"2020-08-15 12:11:56","ARPABTC","SELL","0.00000428","779ARPA","0.00333412BTC","0.00127176BNB"
"2020-08-15 12:11:56","ARPABTC","SELL","0.00000428","786ARPA","0.00336408BTC","0.00128322BNB"
"2020-08-15 12:11:56","ARPABTC","SELL","0.00000428","107ARPA","0.00045796BTC","0.00017567BNB"
"2020-08-15 12:11:56","ARPABTC","SELL","0.00000428","779ARPA","0.00333412BTC","0.00127176BNB"
"2020-08-15 12:11:56","ARPABTC","SELL","0.00000428","213ARPA","0.00091164BTC","0.00034753BNB"
"2020-08-15 12:11:56","ARPABTC","SELL","0.00000428","1937ARPA","0.00829036BTC","0.00316605BNB"
"2020-08-15 12:11:56","ARPABTC","SELL","0.00000428","779ARPA","0.00333412BTC","0.00127176BNB"
"2020-08-15 12:11:56","ARPABTC","SELL","0.00000428","777ARPA","0.00332556BTC","0.00127176BNB"
"2020-08-15 12:11:56","ARPABTC","SELL","0.00000428","252ARPA","0.00107856BTC","0.00041246BNB"
"2020-08-15 12:11:56","ARPABTC","SELL","0.00000428","779ARPA","0.00333412BTC","0.00127176BNB"
"2020-08-15 12:11:56","ARPABTC","SELL","0.00000428","462ARPA","0.00197736BTC","0.00075618BNB"
"2020-08-15 12:11:56","ARPABTC","SELL","0.00000428","780ARPA","0.0033384BTC","0.00127558BNB"
"2020-08-15 12:11:56","ARPABTC","SELL","0.00000428","779ARPA","0.00333412BTC","0.00127176BNB"
"2020-08-15 12:11:56","ARPABTC","SELL","0.00000428","395ARPA","0.0016906BTC","0.00064542BNB"
"2020-08-15 12:11:56","ARPABTC","SELL","0.00000428","779ARPA","0.00333412BTC","0.00127176BNB"
"2020-08-15 10:24:38","ARPABTC","BUY","0.00000464","2818ARPA","0.01307552BTC","0.00496107BNB"
"2020-08-15 10:24:38","ARPABTC","BUY","0.00000464","10765ARPA","0.0499496BTC","0.01895175BNB"
"2020-08-14 22:49:36","SXPBTC","BUY","0.00031532","25SXP","0.007883BTC","0.00299413BNB"
"2020-08-14 22:49:36","SXPBTC","BUY","0.00031516","126SXP","0.03971016BTC","0.01509044BNB"
"2020-08-14 22:49:36","SXPBTC","BUY","0.00031517","48SXP","0.01512816BTC","0.00574873BNB"
"2020-08-14 21:34:48","XRPBTC","BUY","0.00002572","1820XRP","0.0468104BTC","0.01799814BNB"
"2020-08-14 21:34:48","XRPBTC","BUY","0.00002571","1103XRP","0.02835813BTC","0.01090767BNB"
"2020-08-14 21:34:48","XRPBTC","BUY","0.00002571","1308XRP","0.03362868BTC","0.01293493BNB"
"2020-08-14 21:32:50","BATBTC","BUY","0.00002346","2987BAT","0.07007502BTC","0.0269778BNB"
"2020-08-14 21:22:13","ARPABTC","SELL","0.00000421","13285ARPA","0.05592985BTC","0.02159459BNB"
"2020-08-14 21:22:13","ARPABTC","SELL","0.00000421","57243ARPA","0.24099303BTC","0.09304632BNB"
"2020-08-14 21:22:13","ARPABTC","SELL","0.00000421","59ARPA","0.00024839BTC","0.00009652BNB"
"2020-08-14 21:22:13","ARPABTC","SELL","0.00000421","54ARPA","0.00022734BTC","0.0000888BNB"
"2020-08-14 14:44:41","BATBTC","BUY","0.00002342","1500BAT","0.03513BTC","0.01334803BNB"
"2020-08-14 14:44:19","MATICBTC","BUY","0.00000233","17720MATIC","0.0412876BTC","0.01570266BNB"
"2020-08-14 14:43:47","COMPBTC","SELL","0.017636","0.932COMP","0.01643675BTC","0.00624271BNB"
"2020-08-14 14:43:47","COMPBTC","SELL","0.017625","1.18COMP","0.0207975BTC","0.00789833BNB"
"2020-08-14 14:43:47","COMPBTC","SELL","0.01762","2.089COMP","0.03680818BTC","0.01397777BNB"
"2020-08-14 14:43:47","COMPBTC","SELL","0.017635","0.11COMP","0.00193985BTC","0.00073666BNB"
"2020-08-14 14:43:47","COMPBTC","SELL","0.017636","0.434COMP","0.00765402BTC","0.00290491BNB"
"2020-08-14 00:13:30","ARPABTC","BUY","0.00000315","9637ARPA","0.03035655BTC","0.01241857BNB"
"2020-08-14 00:13:28","ARPABTC","BUY","0.00000315","8751ARPA","0.02756565BTC","0.01127684BNB"
"2020-08-13 23:10:12","ARPABTC","BUY","0.00000331","336ARPA","0.00111216BTC","0.00044985BNB"
"2020-08-13 23:10:12","ARPABTC","BUY","0.00000331","69ARPA","0.00022839BTC","0.00009237BNB"
"2020-08-13 23:10:12","ARPABTC","BUY","0.00000331","37ARPA","0.00012247BTC","0.00004953BNB"
"2020-08-13 23:10:12","ARPABTC","BUY","0.00000331","47ARPA","0.00015557BTC","0.00006292BNB"
"2020-08-13 23:10:12","ARPABTC","BUY","0.00000331","217ARPA","0.00071827BTC","0.00029052BNB"
"2020-08-13 23:10:12","ARPABTC","BUY","0.00000331","412ARPA","0.00136372BTC","0.00055161BNB"
"2020-08-13 23:10:12","ARPABTC","BUY","0.00000331","79ARPA","0.00026149BTC","0.00010576BNB"
"2020-08-13 23:10:07","ARPABTC","BUY","0.00000331","3592ARPA","0.01188952BTC","0.00480918BNB"
"2020-08-13 23:10:02","ARPABTC","BUY","0.00000331","4817ARPA","0.01594427BTC","0.00644929BNB"
"2020-08-13 23:09:58","ARPABTC","BUY","0.00000331","397ARPA","0.00131407BTC","0.00053152BNB"
"2020-08-13 23:09:58","ARPABTC","BUY","0.00000331","1801ARPA","0.00596131BTC","0.00241128BNB"
"2020-08-13 23:09:58","ARPABTC","BUY","0.00000331","7466ARPA","0.02471246BTC","0.00999594BNB"
"2020-08-13 21:20:34","ARPABTC","BUY","0.00000347","16692ARPA","0.05792124BTC","16.692ARPA"
"2020-08-13 20:59:29","MATICBTC","SELL","0.00000228","28004MATIC","0.06384912BTC","0.00006385BTC"
"2020-08-13 20:35:13","ARPABTC","BUY","0.00000351","16324ARPA","0.05729724BTC","16.324ARPA"
"2020-08-13 19:18:19","ARPABTC","SELL","0.00000343","228ARPA","0.00078204BTC","0.00000078BTC"
"2020-08-13 19:18:19","ARPABTC","SELL","0.00000343","5441ARPA","0.01866263BTC","0.00001866BTC"
"2020-08-13 19:18:19","ARPABTC","SELL","0.00000343","45ARPA","0.00015435BTC","0.00000015BTC"
"2020-08-13 19:18:19","ARPABTC","SELL","0.00000343","457ARPA","0.00156751BTC","0.00000157BTC"
"2020-08-13 19:18:19","ARPABTC","SELL","0.00000343","944ARPA","0.00323792BTC","0.00000324BTC"
"2020-08-13 19:18:19","ARPABTC","SELL","0.00000343","9345ARPA","0.03205335BTC","0.00003205BTC"
"2020-08-13 19:18:19","ARPABTC","SELL","0.00000343","46ARPA","0.00015778BTC","0.00000016BTC"
"2020-08-13 19:18:19","ARPABTC","SELL","0.00000343","163ARPA","0.00055909BTC","0.00000056BTC"
"2020-08-13 19:18:19","ARPABTC","SELL","0.00000343","7528ARPA","0.02582104BTC","0.00002582BTC"
"2020-08-13 19:18:19","ARPABTC","SELL","0.00000343","397ARPA","0.00136171BTC","0.00000136BTC"
"2020-08-13 19:18:19","ARPABTC","SELL","0.00000343","1543ARPA","0.00529249BTC","0.00000529BTC"
"2020-08-13 19:18:19","ARPABTC","SELL","0.00000343","76ARPA","0.00026068BTC","0.00000026BTC"
"2020-08-13 19:18:19","ARPABTC","SELL","0.00000344","271ARPA","0.00093224BTC","0.00000093BTC"
"2020-08-13 19:18:19","ARPABTC","SELL","0.00000343","2045ARPA","0.00701435BTC","0.00000701BTC"
"2020-08-13 19:18:19","ARPABTC","SELL","0.00000344","20080ARPA","0.0690752BTC","0.00006908BTC"
"2020-08-13 19:18:19","ARPABTC","SELL","0.00000343","1348ARPA","0.00462364BTC","0.00000462BTC"
"2020-08-13 19:18:19","ARPABTC","SELL","0.00000343","323ARPA","0.00110789BTC","0.00000111BTC"
"2020-08-13 11:26:16","COMPBTC","BUY","0.018268","0.095COMP","0.00173546BTC","0.000095COMP"
"2020-08-13 11:26:16","COMPBTC","BUY","0.018268","0.095COMP","0.00173546BTC","0.000095COMP"
"2020-08-13 11:26:16","COMPBTC","BUY","0.018268","0.095COMP","0.00173546BTC","0.000095COMP"
"2020-08-13 11:26:16","COMPBTC","BUY","0.018269","0.637COMP","0.01163735BTC","0.000637COMP"
"2020-08-13 11:26:16","COMPBTC","BUY","0.018268","0.654COMP","0.01194727BTC","0.000654COMP"
"2020-08-13 11:26:16","COMPBTC","BUY","0.018268","0.095COMP","0.00173546BTC","0.000095COMP"
"2020-08-13 11:26:16","COMPBTC","BUY","0.018264","0.058COMP","0.00105931BTC","0.000058COMP"
"2020-08-13 11:26:16","COMPBTC","BUY","0.018263","1.627COMP","0.0297139BTC","0.001627COMP"
"2020-08-13 11:26:16","COMPBTC","BUY","0.018266","1.299COMP","0.02372753BTC","0.001299COMP"
"2020-08-13 11:26:16","COMPBTC","BUY","0.018268","0.095COMP","0.00173546BTC","0.000095COMP"
"2020-08-13 11:25:24","ARPABTC","SELL","0.0000035","12398ARPA","0.043393BTC","0.00004339BTC"
"2020-08-13 11:25:24","ARPABTC","SELL","0.0000035","7142ARPA","0.024997BTC","0.000025BTC"
"2020-08-13 11:25:24","ARPABTC","SELL","0.0000035","5460ARPA","0.01911BTC","0.00001911BTC"
"2020-08-11 04:16:37","ARPABTC","BUY","0.00000293","21568ARPA","0.06319424BTC","21.568ARPA"
"2020-08-11 02:45:54","ARPABTC","BUY","0.00000301","20995ARPA","0.06319495BTC","20.995ARPA"
"2020-08-10 22:14:51","XRPBTC","SELL","0.00002478","4720XRP","0.1169616BTC","0.00011696BTC"
"2020-08-10 12:32:55","ARPAUSDT","BUY","0.0312","8774.6ARPA","273.76752USDT","8.7746ARPA"
"2020-08-10 12:32:55","ARPAUSDT","BUY","0.0312","6865.7ARPA","214.20984USDT","6.8657ARPA"
"2020-08-10 12:32:55","ARPAUSDT","BUY","0.0312","17152.6ARPA","535.16112USDT","17.1526ARPA"
"2020-08-10 12:32:23","LINKUSDT","SELL","13.6371","58.71LINK","800.634141USDT","0.80063414USDT"
"2020-08-10 12:32:23","LINKUSDT","SELL","13.637","14.93LINK","203.60041USDT","0.20360041USDT"
"2020-08-10 12:32:23","LINKUSDT","SELL","13.6375","1.46LINK","19.91075USDT","0.00066417BNB"
"2020-08-09 18:58:00","XRPBTC","BUY","0.00002469","5638XRP","0.13920222BTC","5.638XRP"
"2020-08-09 18:58:00","XRPBTC","BUY","0.00002469","3480XRP","0.0859212BTC","3.48XRP"
"2020-08-09 18:58:00","XRPBTC","BUY","0.00002469","1382XRP","0.03412158BTC","1.382XRP"
"2020-08-09 18:56:15","LINKBTC","SELL","0.00119483","15.5LINK","0.01851986BTC","0.00001852BTC"
"2020-08-09 18:56:15","LINKBTC","SELL","0.00119474","71LINK","0.08482654BTC","0.00008483BTC"
"2020-08-09 18:56:15","LINKBTC","SELL","0.00119474","19.7LINK","0.02353637BTC","0.00002354BTC"
"2020-08-09 18:56:15","LINKBTC","SELL","0.00119475","119LINK","0.14217525BTC","0.00014218BTC"
"2020-07-07 09:06:36","MATICBTC","BUY","0.00000213","28033MATIC","0.05971029BTC","28.033MATIC"
"2020-07-07 09:05:56","LINKBTC","SELL","0.00059711","100LINK","0.059711BTC","0.02548514BNB"
"2019-08-29 20:55:33","LINKBTC","SELL","0.00018787","35LINK","0.00657545BTC","0.00000658BTC"
"2019-08-29 20:55:33","LINKBTC","SELL","0.0001879","29LINK","0.0054491BTC","0.00000545BTC"
"2019-08-29 20:55:33","LINKBTC","SELL","0.00018786","219LINK","0.04114134BTC","0.00004114BTC"
"2019-08-29 20:55:33","LINKBTC","SELL","0.00018789","17LINK","0.00319413BTC","0.00000319BTC"
"2019-08-15 11:10:11","LINKBTC","SELL","0.00022847","50LINK","0.0114235BTC","0.00001142BTC"
"2019-08-15 11:08:12","QTUMBTC","SELL","0.000226","15.38QTUM","0.00347588BTC","0.00000348BTC"
"2019-08-15 11:08:12","QTUMBTC","SELL","0.000226","0.45QTUM","0.0001017BTC","0.0000001BTC"
"2019-08-15 11:08:12","QTUMBTC","SELL","0.000226","4.15QTUM","0.0009379BTC","0.00000094BTC"
"2019-08-15 11:07:45","XLMBTC","SELL","0.00000675","761XLM","0.00513675BTC","0.00000514BTC"
"2019-08-15 11:07:23","ZECBTC","SELL","0.004956","0.107ZEC","0.00053029BTC","0.00000053BTC"
"2019-08-15 11:07:23","ZECBTC","SELL","0.004956","1.893ZEC","0.0093817BTC","0.00000938BTC"
"2019-07-30 18:32:19","LTCBTC","BUY","0.009452","0.97LTC","0.00916844BTC","0.00097LTC"
"2019-07-30 18:32:19","LTCBTC","BUY","0.009451","0.19LTC","0.00179569BTC","0.00019LTC"
"2019-07-30 18:31:28","LINKBTC","SELL","0.00022091","8LINK","0.00176728BTC","0.00000177BTC"
"2019-07-30 18:31:28","LINKBTC","SELL","0.00022085","38LINK","0.0083923BTC","0.00000839BTC"
"2019-07-30 18:31:28","LINKBTC","SELL","0.00022091","2LINK","0.00044182BTC","0.00011861BNB"
"2019-07-30 18:31:28","LINKBTC","SELL","0.00022099","2LINK","0.00044198BTC","0.00011861BNB"
"2019-07-12 17:41:49","ETHBTC","SELL","0.02362","0.084ETH","0.00198408BTC","0.00000198BTC"
"2019-07-12 17:41:49","ETHBTC","SELL","0.023619","0.292ETH","0.00689674BTC","0.0000069BTC"
"2019-07-12 17:41:29","LINKBTC","SELL","0.0002618","42LINK","0.0109956BTC","0.000011BTC"
"2019-07-02 15:37:03","QTUMETH","BUY","0.018078","16.47QTUM","0.29774466ETH","0.01647QTUM"
"2019-07-02 15:37:03","QTUMETH","BUY","0.018071","3.53QTUM","0.06379063ETH","0.00353QTUM"
"2019-05-28 06:48:13","LOOMBNB","BUY","0.00226","339LOOM","0.76614BNB","0.00057005BNB"
"2019-05-28 06:44:02","RVNBNB","BUY","0.001573","1000RVN","1.573BNB","0.00117369BNB"
"2019-05-28 06:42:38","ZECBNB","SELL","2.464","0.949ZEC","2.338336BNB","0.00175375BNB"
"2018-07-18 22:04:34","LINKETH","BUY","0.00050386","5LINK","0.0025193ETH","0.005LINK"
"2018-07-18 22:04:34","LINKETH","BUY","0.00050576","18LINK","0.00910368ETH","0.018LINK"
"2018-07-18 22:04:34","LINKETH","BUY","0.00050563","21LINK","0.01061823ETH","0.021LINK"
"2018-05-16 12:23:00","LINKETH","SELL","0.00070277","49LINK","0.03443573ETH","0.00003444ETH"
"2018-05-16 12:07:58","TRXETH","SELL","0.0000956","100TRX","0.00956ETH","0.00000956ETH"
"2018-05-16 12:05:40","TRXETH","SELL","0.00009583","184TRX","0.01763272ETH","0.00001763ETH"
"2018-04-27 12:18:30","IOSTBTC","BUY","0.00000548","2062IOST","0.01129976BTC","2.062IOST"
"2018-04-27 12:14:12","XLMBTC","SELL","0.00004452","254XLM","0.01130808BTC","0.00001131BTC"
"2018-04-16 14:39:02","TRXBTC","BUY","0.00000508","2TRX","0.00001016BTC","0.002TRX"
"2018-04-16 14:38:57","TRXBTC","BUY","0.00000508","2TRX","0.00001016BTC","0.002TRX"
"2018-04-16 14:38:54","TRXBTC","BUY","0.00000508","1TRX","0.00000508BTC","0.001TRX"
"2018-04-16 14:38:49","TRXBTC","BUY","0.00000508","1TRX","0.00000508BTC","0.001TRX"
"2018-04-16 14:38:46","TRXBTC","BUY","0.00000508","1TRX","0.00000508BTC","0.001TRX"
"2018-04-16 14:38:21","TRXBTC","BUY","0.00000508","200TRX","0.001016BTC","0.2TRX"
"2018-04-16 14:36:26","RPXBTC","SELL","0.00001114","93RPX","0.00103602BTC","0.00000104BTC"
"2018-04-16 06:32:52","IOTABTC","BUY","0.00019198","31IOTA","0.00595138BTC","0.031IOTA"
"2018-04-15 23:49:45","RPXBTC","SELL","0.00001195","500RPX","0.005975BTC","0.00000598BTC"
"2018-03-08 07:11:31","PIVXBTC","BUY","0.0005","27.18PIVX","0.01359BTC","0.02718PIVX"
"2018-03-02 18:49:30","PIVXBTC","SELL","0.0005409","16.71PIVX","0.00903843BTC","0.00000904BTC"
"2018-03-02 18:49:30","PIVXBTC","SELL","0.0005409","5.44PIVX","0.00294249BTC","0.00000294BTC"
"2018-03-02 18:49:30","PIVXBTC","SELL","0.0005417","3PIVX","0.0016251BTC","0.00000163BTC"
"2018-03-02 01:26:04","PIVXBTC","BUY","0.00052","25.17PIVX","0.0130884BTC","0.02517PIVX"
"2018-03-01 19:52:32","PIVXBTC","SELL","0.00055","22.97PIVX","0.0126335BTC","0.00001263BTC"
"2018-02-28 15:50:29","PIVXBTC","BUY","0.0005157","2PIVX","0.0010314BTC","0.002PIVX"
"2018-02-28 15:50:29","PIVXBTC","BUY","0.0005159","8.54PIVX","0.00440578BTC","0.00854PIVX"
"2018-02-28 15:50:29","PIVXBTC","BUY","0.0005158","12.46PIVX","0.00642686BTC","0.01246PIVX"
"2018-02-28 15:49:29","SALTBTC","SELL","0.00039","31.58SALT","0.0123162BTC","0.00001232BTC"
"2018-02-13 17:02:56","RPXBTC","BUY","0.000031","495RPX","0.015345BTC","0.1485RPX"
"2018-02-13 17:02:45","RPXBTC","BUY","0.000031","99RPX","0.003069BTC","0.0297RPX"
"2018-02-13 16:43:57","XLMBTC","SELL","0.00004612","371XLM","0.01711052BTC","0.00000513BTC"
"2018-02-13 16:43:57","XLMBTC","SELL","0.00004612","29XLM","0.00133748BTC","0.0000004BTC"
"2018-01-18 00:01:08","BATETH","BUY","0.00058791","142BAT","0.08348322ETH","0.142BAT"
"2018-01-18 00:01:08","BATETH","BUY","0.00058791","58BAT","0.03409878ETH","0.058BAT"
"2018-01-17 23:59:47","ETHUSDT","BUY","999.01","0.11835ETH","118.2328335USDT","0.00011835ETH"
"2018-01-17 20:40:22","BTCUSDT","SELL","10766.01","0.001053BTC","11.33660853USDT","0.01133661USDT"
"2018-01-17 20:40:22","BTCUSDT","SELL","10761.22","0.009945BTC","107.0203329USDT","0.10702033USDT"
"2018-01-17 20:38:48","BATBTC","SELL","0.00004127","125BAT","0.00515875BTC","0.00000516BTC"
"2018-01-17 20:38:48","BATBTC","SELL","0.00004127","15BAT","0.00061905BTC","0.00000062BTC"
"2018-01-17 20:38:48","BATBTC","SELL","0.00004127","126BAT","0.00520002BTC","0.0000052BTC"
"2018-01-16 09:24:12","BATBTC","BUY","0.00004","267BAT","0.01068BTC","0.267BAT"
"2018-01-16 09:21:28","TRXBTC","SELL","0.00000492","2176TRX","0.01070592BTC","0.00001071BTC"
"2018-01-11 21:18:42","ADAETH","BUY","0.00061199","179ADA","0.10954621ETH","0.179ADA"
"2018-01-11 21:18:36","IOTAETH","BUY","0.00292019","36IOTA","0.10512684ETH","0.036IOTA"
"2018-01-08 09:17:23","ADAETH","SELL","0.0008","242ADA","0.1936ETH","0.0001936ETH"
"2018-01-08 09:17:22","ADAETH","SELL","0.0008","140ADA","0.112ETH","0.000112ETH"
"2018-01-05 20:53:27","XLMBTC","BUY","0.000042","1418XLM","0.059556BTC","1.418XLM"
"2018-01-05 20:50:02","TRXBTC","SELL","0.00001369","4352TRX","0.05957888BTC","0.00005958BTC"
"2018-01-05 00:14:49","ADAETH","BUY","0.00127397","11ADA","0.01401367ETH","0.011ADA"
"2018-01-05 00:14:49","ADAETH","BUY","0.00127394","372ADA","0.47390568ETH","0.372ADA"
"2018-01-05 00:05:22","SALTETH","SELL","0.013698","0.9SALT","0.0123282ETH","0.00001233ETH"
"2018-01-05 00:05:22","SALTETH","SELL","0.013626","1.1SALT","0.0149886ETH","0.00001499ETH"
"2018-01-05 00:02:31","ADAETH","SELL","0.00123008","264ADA","0.32474112ETH","0.00032474ETH"
"2018-01-05 00:02:31","ADAETH","SELL","0.0012301","105ADA","0.1291605ETH","0.00012916ETH"
"2018-01-04 19:46:54","TRXBTC","BUY","0.0000125","2380TRX","0.02975BTC","2.38TRX"
"2018-01-04 17:54:06","ADABTC","BUY","0.0000805","369ADA","0.0297045BTC","0.369ADA"
"2018-01-04 16:16:42","LINKBTC","BUY","0.00007","462LINK","0.03234BTC","0.462LINK"
"2018-01-04 16:16:42","LINKBTC","BUY","0.00007","55LINK","0.00385BTC","0.055LINK"
"2018-01-04 16:16:42","LINKBTC","BUY","0.00007","234LINK","0.01638BTC","0.234LINK"
"2018-01-04 16:16:42","LINKBTC","BUY","0.00007","32LINK","0.00224BTC","0.032LINK"
"2018-01-04 16:16:42","LINKBTC","BUY","0.00007","36LINK","0.00252BTC","0.036LINK"
"2018-01-04 16:16:42","LINKBTC","BUY","0.00007","31LINK","0.00217BTC","0.031LINK"
"2018-01-04 15:37:20","ADABTC","SELL","0.00007758","31ADA","0.00240498BTC","0.0000024BTC"
"2018-01-04 15:37:20","ADABTC","SELL","0.00007765","27ADA","0.00209655BTC","0.0000021BTC"
"2018-01-04 15:37:20","ADABTC","SELL","0.00007767","129ADA","0.01001943BTC","0.00001002BTC"
"2018-01-04 15:37:20","ADABTC","SELL","0.0000776","33ADA","0.0025608BTC","0.00000256BTC"
"2018-01-04 15:37:20","ADABTC","SELL","0.00007764","20ADA","0.0015528BTC","0.00000155BTC"
"2018-01-04 15:37:20","ADABTC","SELL","0.00007764","48ADA","0.00372672BTC","0.00000373BTC"
"2018-01-04 15:37:20","ADABTC","SELL","0.00007756","230ADA","0.0178388BTC","0.00001784BTC"
"2018-01-04 15:37:20","ADABTC","SELL","0.0000776","1000ADA","0.0776BTC","0.0000776BTC"
"2018-01-04 15:37:20","ADABTC","SELL","0.00007758","17ADA","0.00131886BTC","0.00000132BTC"
"2018-01-04 13:33:15","TRXETH","BUY","0.000223","2517TRX","0.561291ETH","2.517TRX"
"2018-01-04 13:31:27","IOTAETH","SELL","0.00403996","70IOTA","0.2827972ETH","0.0002828ETH"
"2018-01-04 13:31:27","IOTAETH","SELL","0.00403996","71IOTA","0.28683716ETH","0.00028684ETH"
"2017-12-25 23:55:44","ADABTC","BUY","0.00002977","398ADA","0.01184846BTC","0.398ADA"
"2017-12-25 23:06:57","XVGBTC","SELL","0.00001115","1064XVG","0.0118636BTC","0.00001186BTC"
"2017-12-23 01:37:44","TRXBTC","BUY","0.00000262","3817TRX","0.01000054BTC","3.817TRX"
"2017-12-23 01:35:49","XVGBTC","BUY","0.00000938","1066XVG","0.00999908BTC","1.066XVG"
"2017-12-23 01:30:22","ADABTC","BUY","0.00002964","673ADA","0.01994772BTC","0.673ADA"
"2017-12-09 06:41:51","SALTBTC","BUY","0.000532","0.01SALT","0.00000532BTC","0.00001SALT"
"2017-12-09 06:41:23","SALTBTC","BUY","0.000532","33.61SALT","0.01788052BTC","0.03361SALT"
"2017-12-09 06:39:45","IOTABTC","BUY","0.000313","7IOTA","0.002191BTC","0.007IOTA"
"2017-12-06 10:09:07","IOTABTC","BUY","0.0003689","86IOTA","0.0317254BTC","0.086IOTA"
"2017-12-05 21:25:43","IOTABTC","BUY","0.0003009","49IOTA","0.0147441BTC","0.049IOTA"
"2017-12-05 21:16:42","ADABTC","BUY","0.00001106","466ADA","0.00515396BTC","0.466ADA"
